{"cameraMode":{"drawMode":0,"name":"Shaded","section":"Shading Mode"},"sceneLighting":false,"audioPlay":false,"sceneViewState":{"showFog":true,"showMaterialUpdate":false,"showSkybox":true,"showFlares":true,"showImageEffects":true,"showParticleSystems":true},"in2DMode":false,"pivot":{"x":4.354155540466309,"y":0.6190333366394043,"z":0.8553431034088135},"rotation":{"x":-0.2682150602340698,"y":-0.3281784653663635,"z":0.0977540910243988,"w":-0.9004464149475098},"size":2.5437071323394777,"orthographic":false}