{"cameraMode":{"drawMode":0,"name":"Shaded","section":"Shading Mode"},"sceneLighting":true,"audioPlay":false,"sceneViewState":{"showFog":false,"showMaterialUpdate":false,"showSkybox":false,"showFlares":false,"showImageEffects":false,"showParticleSystems":false},"in2DMode":false,"pivot":{"x":10.689732551574707,"y":5.658741474151611,"z":5.562689781188965},"rotation":{"x":-0.2614792585372925,"y":0.16889959573745728,"z":-0.04652611166238785,"w":-0.9491862058639526},"size":0.7726826667785645,"orthographic":false}