{"cameraMode":{"drawMode":0,"name":"Shaded","section":"Shading Mode"},"sceneLighting":true,"audioPlay":false,"sceneViewState":{"showFog":false,"showMaterialUpdate":false,"showSkybox":false,"showFlares":false,"showImageEffects":false,"showParticleSystems":false},"in2DMode":false,"pivot":{"x":-1.215198040008545,"y":13.485129356384278,"z":-8.050172805786133},"rotation":{"x":-0.483197420835495,"y":0.005778637249022722,"z":-0.003184925066307187,"w":-0.8754976391792297},"size":1.740657091140747,"orthographic":false}