{"cameraMode":{"drawMode":0,"name":"Shaded","section":"Shading Mode"},"sceneLighting":true,"audioPlay":false,"sceneViewState":{"showFog":true,"showMaterialUpdate":false,"showSkybox":true,"showFlares":true,"showImageEffects":true,"showParticleSystems":true},"in2DMode":false,"pivot":{"x":-0.6568440198898315,"y":2.389796733856201,"z":0.44583892822265627},"rotation":{"x":-0.22747749090194703,"y":0.18848615884780885,"z":-0.044929198920726779,"w":-0.954310417175293},"size":7.693353652954102,"orthographic":false}